country,geo,year,gdp_growth_pct,gdp_per_capita_pps,inflation_pct
Austria,AT,2020,-6.3,37385.6,1.4
Austria,AT,2021,4.9,40185.6,2.8
Austria,AT,2022,5.3,44569.5,8.6
Austria,AT,2023,-0.8,46391.9,7.7
Austria,AT,2024,-0.7,47527.9,2.9
Austria,AT,2025,0.8,49022.1,3.6
Belgium,BE,2020,-4.8,35850.5,0.4
Belgium,BE,2021,6.3,38699.2,3.2
Belgium,BE,2022,4.0,42520.4,10.3
Belgium,BE,2023,1.6,45367.3,2.3
Belgium,BE,2024,1.1,46587.9,4.3
Belgium,BE,2025,1.0,47676.3,3.0
Bulgaria,BG,2020,-3.1,17473.0,1.2
Bulgaria,BG,2021,7.8,19748.1,2.8
Bulgaria,BG,2022,4.1,22421.2,13.0
Bulgaria,BG,2023,1.7,24254.4,8.6
Bulgaria,BG,2024,3.4,26324.3,2.6
Bulgaria,BG,2025,3.1,28332.0,3.5
Croatia,HR,2020,-8.3,20213.9,0.0
Croatia,HR,2021,12.6,23588.3,2.7
Croatia,HR,2022,7.3,26007.8,10.7
Croatia,HR,2023,3.8,29847.3,8.4
Croatia,HR,2024,3.8,31053.1,4.0
Croatia,HR,2025,3.4,32370.2,4.4
Cyprus,CY,2020,-3.2,27194.2,-1.1
Cyprus,CY,2021,11.4,30382.9,2.3
Cyprus,CY,2022,8.7,34492.5,8.1
Cyprus,CY,2023,3.6,37400.0,3.9
Cyprus,CY,2024,3.9,39456.4,2.3
Cyprus,CY,2025,3.8,40957.0,0.8
Czechia,CZ,2020,-5.3,29178.2,3.3
Czechia,CZ,2021,4.0,30502.4,3.3
Czechia,CZ,2022,2.8,32419.7,14.8
Czechia,CZ,2023,0.0,34973.9,12.0
Czechia,CZ,2024,1.3,36255.5,2.7
Czechia,CZ,2025,2.6,38557.0,2.3
Denmark,DK,2020,-1.8,40054.4,0.3
Denmark,DK,2021,6.5,44240.3,1.9
Denmark,DK,2022,0.4,48465.5,8.5
Denmark,DK,2023,1.1,48240.3,3.4
Denmark,DK,2024,3.9,51785.4,1.3
Denmark,DK,2025,3.5,53940.8,1.8
Estonia,EE,2020,-2.9,25994.6,-0.6
Estonia,EE,2021,8.3,28242.8,4.5
Estonia,EE,2022,-1.2,30029.2,19.4
Estonia,EE,2023,-2.7,30611.0,9.1
Estonia,EE,2024,-0.1,31555.4,3.7
Estonia,EE,2025,0.6,33077.2,4.8
Finland,FI,2020,-2.5,34039.9,0.4
Finland,FI,2021,2.7,36222.4,2.1
Finland,FI,2022,0.8,38350.4,7.2
Finland,FI,2023,-1.3,39690.3,4.3
Finland,FI,2024,0.9,40871.6,1.0
Finland,FI,2025,0.8,42070.4,1.8
France,FR,2020,-7.4,31555.5,0.5
France,FR,2021,6.9,33443.0,2.1
France,FR,2022,2.7,35145.8,5.9
France,FR,2023,1.6,38055.1,5.7
France,FR,2024,1.5,39294.2,2.3
France,FR,2025,0.8,40716.0,0.9
Germany,DE,2020,-4.1,37974.3,0.4
Germany,DE,2021,3.9,40535.9,3.2
Germany,DE,2022,1.8,43346.6,8.7
Germany,DE,2023,-0.9,45138.1,6.0
Germany,DE,2024,-0.5,46387.1,2.5
Germany,DE,2025,0.2,47979.4,2.3
Greece,EL,2020,-9.2,18866.4,-1.3
Greece,EL,2021,8.7,21245.7,0.6
Greece,EL,2022,5.5,24026.4,9.3
Greece,EL,2023,2.1,26263.1,4.2
Greece,EL,2024,2.1,27373.2,3.0
Greece,EL,2025,2.1,28469.9,2.9
Hungary,HU,2020,-4.3,22731.5,3.4
Hungary,HU,2021,7.2,24805.4,5.2
Hungary,HU,2022,4.2,27305.6,15.3
Hungary,HU,2023,-0.8,28968.6,17.0
Hungary,HU,2024,0.7,30445.5,3.7
Hungary,HU,2025,0.5,31719.3,4.4
Ireland,IE,2020,7.0,62296.2,-0.5
Ireland,IE,2021,16.6,74720.4,2.4
Ireland,IE,2022,8.2,86108.3,8.1
Ireland,IE,2023,-3.3,82972.1,5.2
Ireland,IE,2024,3.6,88342.7,1.3
Ireland,IE,2025,8.0,93359.9,2.1
Italy,IT,2020,-8.9,28386.4,-0.1
Italy,IT,2021,8.9,31782.5,1.9
Italy,IT,2022,4.8,35348.2,8.7
Italy,IT,2023,0.9,37697.0,5.9
Italy,IT,2024,0.8,39068.5,1.1
Italy,IT,2025,0.5,39949.2,1.7
Latvia,LV,2020,-3.5,20911.4,0.1
Latvia,LV,2021,6.9,23542.2,3.2
Latvia,LV,2022,1.9,24939.3,17.2
Latvia,LV,2023,-0.9,26755.5,9.1
Latvia,LV,2024,0.0,27536.5,1.3
Latvia,LV,2025,2.1,29518.5,3.8
Lithuania,LT,2020,0.0,26359.5,1.1
Lithuania,LT,2021,6.4,29277.0,4.6
Lithuania,LT,2022,2.5,31269.3,18.9
Lithuania,LT,2023,0.7,32931.3,8.7
Lithuania,LT,2024,3.0,34935.9,0.9
Lithuania,LT,2025,2.9,36174.4,3.4
Luxembourg,LU,2020,-0.5,77888.8,0.0
Luxembourg,LU,2021,6.9,87098.2,3.5
Luxembourg,LU,2022,-1.1,90395.4,8.2
Luxembourg,LU,2023,0.1,95129.1,2.9
Luxembourg,LU,2024,0.4,97690.2,2.3
Luxembourg,LU,2025,0.6,99621.3,2.5
Malta,MT,2020,-3.5,31931.9,0.8
Malta,MT,2021,13.3,36242.5,0.7
Malta,MT,2022,2.6,37362.1,6.1
Malta,MT,2023,10.6,41860.0,5.6
Malta,MT,2024,6.2,43924.4,2.4
Malta,MT,2025,4.0,45701.2,2.4
Netherlands,NL,2020,-3.9,39986.8,1.1
Netherlands,NL,2021,6.3,43741.8,2.8
Netherlands,NL,2022,5.0,48540.1,11.6
Netherlands,NL,2023,-0.6,50216.4,4.1
Netherlands,NL,2024,1.1,53149.4,3.2
Netherlands,NL,2025,1.6,55152.1,3.0
Poland,PL,2020,-2.0,23916.5,3.7
Poland,PL,2021,6.9,26197.3,5.2
Poland,PL,2022,5.3,28144.8,13.2
Poland,PL,2023,0.2,29519.6,10.9
Poland,PL,2024,3.2,31463.0,3.7
Poland,PL,2025,3.6,33816.5,3.3
Portugal,PT,2020,-8.2,22782.1,-0.1
Portugal,PT,2021,5.6,24550.2,0.9
Portugal,PT,2022,7.0,27841.5,8.1
Portugal,PT,2023,3.1,31107.5,5.3
Portugal,PT,2024,2.2,32937.1,2.7
Portugal,PT,2025,1.9,33825.0,2.2
Romania,RO,2020,-3.6,21808.9,2.3
Romania,RO,2021,5.6,23919.2,4.1
Romania,RO,2022,4.2,25908.1,12.0
Romania,RO,2023,2.3,28715.8,9.7
Romania,RO,2024,0.9,30769.5,5.8
Romania,RO,2025,0.7,32353.1,6.8
Slovakia,SK,2020,-2.6,22561.3,2.0
Slovakia,SK,2021,5.7,24479.7,2.8
Slovakia,SK,2022,0.5,25517.5,12.1
Slovakia,SK,2023,2.1,28487.6,11.0
Slovakia,SK,2024,1.9,29808.2,3.2
Slovakia,SK,2025,0.8,31138.8,4.2
Slovenia,SI,2020,-4.1,26676.9,-0.3
Slovenia,SI,2021,8.4,29298.0,2.0
Slovenia,SI,2022,2.7,32340.6,9.3
Slovenia,SI,2023,2.4,35072.8,7.2
Slovenia,SI,2024,1.7,36118.5,2.0
Slovenia,SI,2025,1.1,37689.0,2.5
Spain,ES,2020,-10.9,25131.2,-0.3
Spain,ES,2021,6.7,28285.0,3.0
Spain,ES,2022,6.4,31781.2,8.3
Spain,ES,2023,2.5,34768.5,3.4
Spain,ES,2024,3.5,36413.1,2.9
Spain,ES,2025,2.8,38135.7,2.7
Sweden,SE,2020,-1.9,36665.9,0.7
Sweden,SE,2021,5.2,39670.2,2.7
Sweden,SE,2022,1.3,40905.8,8.1
Sweden,SE,2023,-0.2,42508.5,5.9
Sweden,SE,2024,2.0,44772.2,2.0
Sweden,SE,2025,1.5,46407.9,2.6
